Gestora,Email,Phone,Website,LinkedIn,Searched At
"Resort Cordial Santa Agueda",,,,,2026-03-25T10:54:26.459Z
"Los Molinos",,,,,2026-03-25T10:54:26.568Z
"Cordial Mogan Solaz",,,,,2026-03-25T10:54:26.684Z
"Notar",,,,,2026-03-25T10:54:26.776Z
"Canteras Way",,,,,2026-03-25T10:54:26.871Z
"Rocas Rojas",,,,,2026-03-25T10:54:26.949Z
"Bungalow",,,,,2026-03-25T10:54:27.032Z
"Sunsuites Carolina",,,,,2026-03-25T10:54:27.117Z
"Charles Moe S.L.U",,,,,2026-03-25T10:54:27.196Z
"Finca Tomas Y Puri",,,,,2026-03-25T10:54:27.287Z
"Finca Navelo Slu",,,,,2026-03-25T10:54:27.373Z
"Las Canteras",,,,,2026-03-25T10:54:27.451Z
"Vv Apartments Ragar S.L.",,,,,2026-03-25T10:54:27.528Z
"Emycanarias Holiday Homes",,,,,2026-03-25T10:54:27.604Z
"Canteras",,,,,2026-03-25T10:54:27.683Z
"Canteras Beach",,,,,2026-03-25T10:54:27.775Z
"Anna",,,,,2026-03-25T10:54:27.852Z
"Tegueste",,,,,2026-03-25T10:54:27.934Z
"Bahia Meloneras",,,,,2026-03-25T10:54:28.018Z
"Real Monglares",,,,,2026-03-25T10:54:28.097Z
"Flamboyan",,,,,2026-03-25T10:54:28.176Z
"Inversiones Boncanar, S.L.",,,,,2026-03-25T10:54:28.265Z
"Ocean View",,,,,2026-03-25T10:54:28.345Z
"Las Nasas",,,,,2026-03-25T10:54:28.426Z
"Casa Marina",,,,,2026-03-25T10:54:28.506Z
"Apartamento",,,,,2026-03-25T10:54:28.581Z
"Casa Del Sol",,,,,2026-03-25T10:54:28.655Z
"Vista Mar",,,,,2026-03-25T10:54:28.727Z
"Casa Verde",,,,,2026-03-25T10:54:28.805Z
"Aloe",,,,,2026-03-25T10:54:28.878Z
"Casa Carmen",,,,,2026-03-25T10:54:28.952Z
"La Gloria",,,,,2026-03-25T10:54:29.032Z
"Casa Bonita",,,,,2026-03-25T10:54:29.204Z
"Piso",,,,,2026-03-25T10:54:29.280Z
"La Fuente",,,,,2026-03-25T10:54:29.357Z
"Casa Lola",,,,,2026-03-25T10:54:29.436Z
"Casa Luna",,,,,2026-03-25T10:54:29.513Z
"Casa De La Playa",,,,,2026-03-25T10:54:29.591Z
"Casa Paco",,,,,2026-03-25T10:54:29.665Z
"El Mirador",,,,,2026-03-25T10:54:29.740Z
"Casa Estrella",,,,,2026-03-25T10:54:29.814Z
"La Casita",,,,,2026-03-25T10:54:29.890Z
"Duplex",,,,,2026-03-25T10:54:29.978Z
"Casa Azul",,,,,2026-03-25T10:54:30.059Z
"Sol Y Mar",,,,,2026-03-25T10:54:30.139Z
"Casa Canaria",,,,,2026-03-25T10:54:30.217Z
"Casa Blanca",,,,,2026-03-25T10:54:30.294Z
"Casa Del Mar",,,,,2026-03-25T10:54:30.370Z
"Vivienda Unifamiliar",,,,,2026-03-25T10:54:30.447Z
"Casa Maria",,,,,2026-03-25T10:54:30.527Z